dent_id,depth,axial_start,axial_end,axial_center,axial_length,angle_center_deg,angle_span_deg,circumferential_width,affected_area_proxy,depth_to_radius_ratio,point_count,severity,review_priority,centroid,threshold,units,fit_rmse
dent_1,0.11817022617160289,-2.854251998845007,-1.8877913408281828,-2.345044146297041,0.966460658016824,-64.52928490820307,29.936595449664498,0.5210008872761542,0.5035268603442612,0.11850846692351463,158,severe,immediate,"[-2.349843, 0.817982, 0.390908]",0.05,m,0.020475689751884452
dent_2,0.10052462235637716,-0.0359790530935313,1.5748046644568505,0.8005664334850099,1.6107837175503819,-159.74394830522198,35.95483599171859,0.6257392055503067,1.0079305237333456,0.10081235578088707,305,severe,immediate,"[0.796259, 0.314398, -0.855635]",0.05,m,0.020475689751884452
