axial_start,axial_end,max_radius,min_radius,ovality,units
1.6198250081632652,2.6198250081632652,0.976855033444038,0.8792851957072366,0.000777667411705616,mm
